{
    "root_group": {
        "path": "",
        "id": "d41d8cd98f00b204e9800998ecf8427e",
        "groups": {},
        "checks": {
                "status is 200": {
                    "fails": 0,
                    "name": "status is 200",
                    "path": "::status is 200",
                    "id": "6210a8cd14cd70477eba5c5e4cb3fb5f",
                    "passes": 1352
                }
            },
        "name": ""
    },
    "metrics": {
        "http_req_duration": {
            "p(90)": 385.0900628,
            "p(95)": 398.3691664,
            "avg": 346.0165930695273,
            "min": 15.930467,
            "med": 342.2858015,
            "max": 469.77166
        },
        "http_req_connecting": {
            "min": 0.077567,
            "med": 0.1972155,
            "max": 2.899872,
            "p(90)": 0.26281070000000006,
            "p(95)": 0.3022462000000001,
            "avg": 0.21440191715976287
        },
        "http_req_waiting": {
            "med": 341.40845149999996,
            "max": 469.27878,
            "p(90)": 384.36453650000004,
            "p(95)": 397.81711325,
            "avg": 345.3462937559164,
            "min": 15.056756
        },
        "http_req_blocked": {
            "avg": 0.30952864866863894,
            "min": 0.156278,
            "med": 0.2742375,
            "max": 3.06145,
            "p(90)": 0.36721950000000003,
            "p(95)": 0.4296169500000001
        },
        "http_reqs": {
            "count": 1352,
            "rate": 44.40629780843976
        },
        "vus": {
            "value": 20,
            "min": 20,
            "max": 20
        },
        "checks": {
            "passes": 1352,
            "fails": 0,
            "value": 1
        },
        "data_sent": {
            "count": 287169,
            "rate": 9432.035603070884
        },
        "vus_max": {
            "value": 20,
            "min": 20,
            "max": 20
        },
        "http_req_sending": {
            "med": 0.040360999999999994,
            "max": 1.149841,
            "p(90)": 0.0913255,
            "p(95)": 0.1085865,
            "avg": 0.05929129068047342,
            "min": 0.019277
        },
        "http_req_tls_handshaking": {
            "avg": 0,
            "min": 0,
            "med": 0,
            "max": 0,
            "p(90)": 0,
            "p(95)": 0
        },
        "http_req_receiving": {
            "p(90)": 0.5992079,
            "p(95)": 0.6915757,
            "avg": 0.611008022928993,
            "min": 0.131806,
            "med": 0.4954035,
            "max": 42.440387
        },
        "http_req_failed": {
            "passes": 0,
            "fails": 1352,
            "value": 0
        },
        "iterations": {
            "count": 1352,
            "rate": 44.40629780843976
        },
        "http_req_duration{expected_response:true}": {
            "p(90)": 385.0900628,
            "p(95)": 398.3691664,
            "avg": 346.0165930695273,
            "min": 15.930467,
            "med": 342.2858015,
            "max": 469.77166
        },
        "data_received": {
            "count": 275808,
            "rate": 9058.884752921711
        },
        "iteration_duration": {
            "avg": 447.1412071116864,
            "min": 118.42949,
            "med": 443.19615350000004,
            "max": 570.717623,
            "p(90)": 486.41622300000006,
            "p(95)": 499.3248811
        }
    }
}