{
    "root_group": {
        "name": "",
        "path": "",
        "id": "d41d8cd98f00b204e9800998ecf8427e",
        "groups": {},
        "checks": {
                "status is 200": {
                    "name": "status is 200",
                    "path": "::status is 200",
                    "id": "6210a8cd14cd70477eba5c5e4cb3fb5f",
                    "passes": 5317,
                    "fails": 0
                }
            }
    },
    "metrics": {
        "vus": {
            "max": 20,
            "value": 20,
            "min": 20
        },
        "http_reqs": {
            "count": 5317,
            "rate": 176.4670949427476
        },
        "http_req_duration": {
            "max": 736.937146,
            "p(90)": 15.6745704,
            "p(95)": 53.35555219999998,
            "avg": 11.979511614632328,
            "min": 0.262754,
            "med": 3.865682
        },
        "http_req_connecting": {
            "avg": 0.012892922324619147,
            "min": 0,
            "med": 0,
            "max": 8.263954,
            "p(90)": 0,
            "p(95)": 0
        },
        "http_req_tls_handshaking": {
            "avg": 0,
            "min": 0,
            "med": 0,
            "max": 0,
            "p(90)": 0,
            "p(95)": 0
        },
        "vus_max": {
            "value": 20,
            "min": 20,
            "max": 20
        },
        "data_sent": {
            "count": 1218317,
            "rate": 40434.99373883081
        },
        "http_req_duration{expected_response:true}": {
            "avg": 11.979511614632328,
            "min": 0.262754,
            "med": 3.865682,
            "max": 736.937146,
            "p(90)": 15.6745704,
            "p(95)": 53.35555219999998
        },
        "data_received": {
            "count": 957820,
            "rate": 31789.3008986388
        },
        "http_req_sending": {
            "max": 15.085304,
            "p(90)": 0.07247620000000005,
            "p(95)": 0.1999277999999999,
            "avg": 0.08342302275719406,
            "min": 0.002,
            "med": 0.010542
        },
        "http_req_waiting": {
            "min": 0.239128,
            "med": 3.53426,
            "max": 736.551182,
            "p(90)": 14.5620378,
            "p(95)": 49.27340159999997,
            "avg": 11.355107250329123
        },
        "checks": {
            "passes": 5317,
            "fails": 0,
            "value": 1
        },
        "http_req_failed": {
            "passes": 0,
            "fails": 5317,
            "value": 0
        },
        "iteration_duration": {
            "p(90)": 118.1201972,
            "p(95)": 154.1675341999999,
            "avg": 113.20561475738165,
            "min": 100.350672,
            "med": 104.83982,
            "max": 845.816529
        },
        "http_req_blocked": {
            "avg": 0.040310044009779784,
            "min": 0.000458,
            "med": 0.002125,
            "max": 13.876036,
            "p(90)": 0.007584,
            "p(95)": 0.012334
        },
        "http_req_receiving": {
            "min": 0.00375,
            "med": 0.083459,
            "max": 81.101644,
            "p(90)": 0.8136696000000001,
            "p(95)": 1.4487711999999966,
            "avg": 0.5409813415459827
        },
        "iterations": {
            "count": 5317,
            "rate": 176.4670949427476
        }
    }
}