{
    "metrics": {
        "http_req_duration": {
            "max": 793.746345,
            "p(90)": 502.8826004,
            "p(95)": 595.47779765,
            "avg": 407.61409247811446,
            "min": 101.921599,
            "med": 398.757335
        },
        "http_req_connecting": {
            "p(90)": 0,
            "p(95)": 0,
            "avg": 0.005559186868686868,
            "min": 0,
            "med": 0,
            "max": 1.684006
        },
        "vus_max": {
            "max": 20,
            "value": 20,
            "min": 20
        },
        "http_req_failed": {
            "passes": 0,
            "fails": 1188,
            "value": 0
        },
        "http_reqs": {
            "count": 1188,
            "rate": 39.041493394614555
        },
        "http_req_sending": {
            "avg": 0.03617132407407405,
            "min": 0.00514,
            "med": 0.01842,
            "max": 3.510393,
            "p(90)": 0.039610999999999986,
            "p(95)": 0.054861099999999836
        },
        "http_req_blocked": {
            "p(90)": 0.0049819999999999994,
            "p(95)": 0.005773999999999997,
            "avg": 0.027648473905723864,
            "min": 0.001012,
            "med": 0.003487,
            "max": 3.456521
        },
        "vus": {
            "value": 20,
            "min": 20,
            "max": 20
        },
        "http_req_duration{expected_response:true}": {
            "avg": 407.61409247811446,
            "min": 101.921599,
            "med": 398.757335,
            "max": 793.746345,
            "p(90)": 502.8826004,
            "p(95)": 595.47779765
        },
        "http_req_waiting": {
            "med": 398.5477425,
            "max": 793.257818,
            "p(90)": 502.8247589,
            "p(95)": 594.6737484,
            "avg": 407.3289994553866,
            "min": 101.571265
        },
        "http_req_receiving": {
            "p(90)": 0.34080269999999996,
            "p(95)": 1.1428455499999983,
            "avg": 0.24892169865319902,
            "min": 0.010189,
            "med": 0.063225,
            "max": 19.739793
        },
        "data_received": {
            "count": 193644,
            "rate": 6363.763423322173
        },
        "checks": {
            "passes": 1188,
            "fails": 0,
            "value": 1
        },
        "data_sent": {
            "count": 253492,
            "rate": 8330.560811100702
        },
        "http_req_tls_handshaking": {
            "p(90)": 0,
            "p(95)": 0,
            "avg": 0,
            "min": 0,
            "med": 0,
            "max": 0
        },
        "iterations": {
            "count": 1188,
            "rate": 39.041493394614555
        },
        "iteration_duration": {
            "p(95)": 696.77668575,
            "avg": 508.79723371801424,
            "min": 204.174964,
            "med": 499.8982605,
            "max": 895.006493,
            "p(90)": 604.3079342
        }
    },
    "root_group": {
        "path": "",
        "id": "d41d8cd98f00b204e9800998ecf8427e",
        "groups": {},
        "checks": {
                "status is 200": {
                    "passes": 1188,
                    "fails": 0,
                    "name": "status is 200",
                    "path": "::status is 200",
                    "id": "6210a8cd14cd70477eba5c5e4cb3fb5f"
                }
            },
        "name": ""
    }
}