{
    "root_group": {
        "name": "",
        "path": "",
        "id": "d41d8cd98f00b204e9800998ecf8427e",
        "groups": {},
        "checks": {
                "status is 200": {
                    "name": "status is 200",
                    "path": "::status is 200",
                    "id": "6210a8cd14cd70477eba5c5e4cb3fb5f",
                    "passes": 5725,
                    "fails": 0
                }
            }
    },
    "metrics": {
        "http_req_duration{expected_response:true}": {
            "med": 2.528415,
            "max": 278.921269,
            "p(90)": 4.2912050000000015,
            "p(95)": 5.6075868,
            "avg": 4.400943674410483,
            "min": 0.651548
        },
        "http_req_tls_handshaking": {
            "p(95)": 0,
            "avg": 0,
            "min": 0,
            "med": 0,
            "max": 0,
            "p(90)": 0
        },
        "http_req_receiving": {
            "p(95)": 0.1053674,
            "avg": 0.05756733886462897,
            "min": 0.012013,
            "med": 0.048792,
            "max": 0.62448,
            "p(90)": 0.09163060000000003
        },
        "http_req_connecting": {
            "min": 0,
            "med": 0,
            "max": 0.7699,
            "p(90)": 0,
            "p(95)": 0,
            "avg": 0.0014909329257641922
        },
        "data_received": {
            "count": 1665714,
            "rate": 55336.68307159505
        },
        "vus": {
            "value": 20,
            "min": 20,
            "max": 20
        },
        "iterations": {
            "rate": 190.1902190801552,
            "count": 5725
        },
        "http_req_waiting": {
            "med": 2.453476,
            "max": 278.650404,
            "p(90)": 4.213847400000004,
            "p(95)": 5.5326976,
            "avg": 4.324931188471625,
            "min": 0.514006
        },
        "http_reqs": {
            "count": 5725,
            "rate": 190.1902190801552
        },
        "http_req_duration": {
            "max": 278.921269,
            "p(90)": 4.2912050000000015,
            "p(95)": 5.6075868,
            "avg": 4.400943674410483,
            "min": 0.651548,
            "med": 2.528415
        },
        "http_req_blocked": {
            "avg": 0.009674696593886476,
            "min": 0.001012,
            "med": 0.002595,
            "max": 2.622334,
            "p(90)": 0.004308,
            "p(95)": 0.004777000000000002
        },
        "data_sent": {
            "count": 1226099,
            "rate": 40732.23361117192
        },
        "http_req_sending": {
            "min": 0.005491,
            "med": 0.011572,
            "max": 0.477364,
            "p(90)": 0.035347,
            "p(95)": 0.04569100000000001,
            "avg": 0.018445147074235762
        },
        "http_req_failed": {
            "passes": 0,
            "fails": 5725,
            "value": 0
        },
        "iteration_duration": {
            "med": 103.174112,
            "max": 382.646218,
            "p(90)": 104.93048280000001,
            "p(95)": 106.12570860000001,
            "avg": 104.98478218812221,
            "min": 101.173849
        },
        "vus_max": {
            "value": 20,
            "min": 20,
            "max": 20
        },
        "checks": {
            "passes": 5725,
            "fails": 0,
            "value": 1
        }
    }
}