{
    "metrics": {
        "vus": {
            "value": 20,
            "min": 20,
            "max": 20
        },
        "data_received": {
            "count": 1194652,
            "rate": 39685.63481671694
        },
        "iterations": {
            "count": 5613,
            "rate": 186.46054937022012
        },
        "http_req_failed": {
            "passes": 0,
            "fails": 5613,
            "value": 0
        },
        "http_req_connecting": {
            "max": 3.260687,
            "p(90)": 0,
            "p(95)": 0,
            "avg": 0.002656216996258686,
            "min": 0,
            "med": 0
        },
        "http_req_sending": {
            "p(90)": 0.0463342,
            "p(95)": 0.04944499999999998,
            "avg": 0.02517647300908592,
            "min": 0.007273,
            "med": 0.017213,
            "max": 2.705033
        },
        "data_sent": {
            "rate": 39559.2017415516,
            "count": 1190846
        },
        "http_reqs": {
            "count": 5613,
            "rate": 186.46054937022012
        },
        "http_req_receiving": {
            "max": 1.584908,
            "p(90)": 0.106433,
            "p(95)": 0.119735,
            "avg": 0.0729882761446643,
            "min": 0.01592,
            "med": 0.064173
        },
        "checks": {
            "passes": 5613,
            "fails": 0,
            "value": 1
        },
        "iteration_duration": {
            "p(95)": 110.9016012,
            "avg": 107.0811673319076,
            "min": 103.519954,
            "med": 105.334053,
            "max": 291.350882,
            "p(90)": 107.7288248
        },
        "http_req_tls_handshaking": {
            "max": 0,
            "p(90)": 0,
            "p(95)": 0,
            "avg": 0,
            "min": 0,
            "med": 0
        },
        "http_req_waiting": {
            "med": 4.447519,
            "max": 188.71244,
            "p(90)": 6.8044698,
            "p(95)": 9.665280199999989,
            "avg": 6.23498710885444,
            "min": 2.620476
        },
        "http_req_duration": {
            "avg": 6.333151858008188,
            "min": 2.730727,
            "med": 4.548852,
            "max": 189.067118,
            "p(90)": 6.918744800000002,
            "p(95)": 9.762106799999996
        },
        "http_req_duration{expected_response:true}": {
            "p(95)": 9.762106799999996,
            "avg": 6.333151858008188,
            "min": 2.730727,
            "med": 4.548852,
            "max": 189.067118,
            "p(90)": 6.918744800000002
        },
        "http_req_blocked": {
            "p(95)": 0.0052,
            "avg": 0.012955604845893458,
            "min": 0.001553,
            "med": 0.003347,
            "max": 5.389527,
            "p(90)": 0.004759
        },
        "vus_max": {
            "value": 20,
            "min": 20,
            "max": 20
        }
    },
    "root_group": {
        "path": "",
        "id": "d41d8cd98f00b204e9800998ecf8427e",
        "groups": {},
        "checks": {
                "status is 200": {
                    "fails": 0,
                    "name": "status is 200",
                    "path": "::status is 200",
                    "id": "6210a8cd14cd70477eba5c5e4cb3fb5f",
                    "passes": 5613
                }
            },
        "name": ""
    }
}