{
    "metrics": {
        "http_req_connecting": {
            "med": 0,
            "max": 3.149427,
            "p(90)": 0,
            "p(95)": 0,
            "avg": 0.011266378999018641,
            "min": 0
        },
        "iteration_duration": {
            "min": 100.973153,
            "med": 103.151632,
            "max": 800.780274,
            "p(90)": 185.95551840000002,
            "p(95)": 194.3833256,
            "avg": 117.79247147242428
        },
        "data_sent": {
            "rate": 38893.83388816338,
            "count": 1167362
        },
        "vus": {
            "value": 20,
            "min": 20,
            "max": 20
        },
        "data_received": {
            "count": 917860,
            "rate": 30580.99747343981
        },
        "http_req_receiving": {
            "max": 96.141524,
            "p(90)": 0.34458760000000005,
            "p(95)": 0.5193848000000002,
            "avg": 0.5474498314033376,
            "min": 0.009709,
            "med": 0.061467
        },
        "http_req_tls_handshaking": {
            "avg": 0,
            "min": 0,
            "med": 0,
            "max": 0,
            "p(90)": 0,
            "p(95)": 0
        },
        "vus_max": {
            "value": 20,
            "min": 20,
            "max": 20
        },
        "checks": {
            "passes": 5095,
            "fails": 0,
            "value": 1
        },
        "http_req_blocked": {
            "med": 0.002735,
            "max": 4.205895,
            "p(90)": 0.004578,
            "p(95)": 0.00513,
            "avg": 0.019098863002944097,
            "min": 0.000962
        },
        "iterations": {
            "count": 5095,
            "rate": 169.75375561324802
        },
        "http_req_duration": {
            "avg": 17.090893361334714,
            "min": 0.817982,
            "med": 2.408336,
            "max": 696.645289,
            "p(90)": 85.2498372,
            "p(95)": 93.7475009
        },
        "http_req_waiting": {
            "avg": 16.51543788871441,
            "min": 0.719588,
            "med": 2.261458,
            "max": 695.289895,
            "p(90)": 84.05453380000003,
            "p(95)": 93.1564555
        },
        "http_req_duration{expected_response:true}": {
            "p(90)": 85.2498372,
            "p(95)": 93.7475009,
            "avg": 17.090893361334714,
            "min": 0.817982,
            "med": 2.408336,
            "max": 696.645289
        },
        "http_req_sending": {
            "p(95)": 0.045416,
            "avg": 0.02800564121687925,
            "min": 0.004719,
            "med": 0.012194,
            "max": 5.813714,
            "p(90)": 0.025833000000000016
        },
        "http_req_failed": {
            "passes": 0,
            "fails": 5095,
            "value": 0
        },
        "http_reqs": {
            "count": 5095,
            "rate": 169.75375561324802
        }
    },
    "root_group": {
        "checks": {
            "status is 200": {
                "name": "status is 200",
                "path": "::status is 200",
                "id": "6210a8cd14cd70477eba5c5e4cb3fb5f",
                "passes": 5095,
                "fails": 0
            }
        },
        "name": "",
        "path": "",
        "id": "d41d8cd98f00b204e9800998ecf8427e",
        "groups": {}
    }
}