{
    "root_group": {
        "name": "",
        "path": "",
        "id": "d41d8cd98f00b204e9800998ecf8427e",
        "groups": {},
        "checks": {
                "status is 200": {
                    "id": "6210a8cd14cd70477eba5c5e4cb3fb5f",
                    "passes": 5354,
                    "fails": 0,
                    "name": "status is 200",
                    "path": "::status is 200"
                }
            }
    },
    "metrics": {
        "vus_max": {
            "max": 20,
            "value": 20,
            "min": 20
        },
        "http_req_sending": {
            "min": 0.002125,
            "med": 0.009,
            "max": 35.789687,
            "p(90)": 0.060654700000000006,
            "p(95)": 0.17202799999999963,
            "avg": 0.07090749495704146
        },
        "http_req_waiting": {
            "avg": 10.783782738326494,
            "min": 0.198837,
            "med": 3.843514,
            "max": 676.573603,
            "p(90)": 16.2978993,
            "p(95)": 26.12110455
        },
        "http_req_blocked": {
            "min": 0.000416,
            "med": 0.001833,
            "max": 9.654682,
            "p(90)": 0.006403700000000004,
            "p(95)": 0.01080669999999999,
            "avg": 0.047348770825551
        },
        "http_req_duration": {
            "max": 677.697495,
            "p(90)": 16.707685100000003,
            "p(95)": 26.711053699999994,
            "avg": 11.050676381770648,
            "min": 0.281296,
            "med": 4.040851
        },
        "checks": {
            "fails": 0,
            "passes": 5354,
            "value": 1
        },
        "data_sent": {
            "count": 1226810,
            "rate": 40822.72518929436
        },
        "http_req_duration{expected_response:true}": {
            "p(90)": 16.707685100000003,
            "p(95)": 26.711053699999994,
            "avg": 11.050676381770648,
            "min": 0.281296,
            "med": 4.040851,
            "max": 677.697495
        },
        "http_req_connecting": {
            "avg": 0.021111556593201346,
            "min": 0,
            "med": 0,
            "max": 9.570848,
            "p(90)": 0,
            "p(95)": 0
        },
        "iterations": {
            "count": 5354,
            "rate": 178.15706642714196
        },
        "http_req_failed": {
            "fails": 5354,
            "passes": 0,
            "value": 0
        },
        "iteration_duration": {
            "max": 786.461537,
            "p(90)": 118.0704625,
            "p(95)": 131.1481624,
            "avg": 112.17830603025757,
            "min": 100.396626,
            "med": 104.9804635
        },
        "http_reqs": {
            "count": 5354,
            "rate": 178.15706642714196
        },
        "http_req_receiving": {
            "min": 0.004209,
            "med": 0.0614385,
            "max": 75.352473,
            "p(90)": 0.22519060000000002,
            "p(95)": 0.3815013999999999,
            "avg": 0.1959861484871121
        },
        "http_req_tls_handshaking": {
            "avg": 0,
            "min": 0,
            "med": 0,
            "max": 0,
            "p(90)": 0,
            "p(95)": 0
        },
        "data_received": {
            "count": 964480,
            "rate": 32093.561342482233
        },
        "vus": {
            "min": 20,
            "max": 20,
            "value": 20
        }
    }
}