{
    "root_group": {
        "name": "",
        "path": "",
        "id": "d41d8cd98f00b204e9800998ecf8427e",
        "groups": {},
        "checks": {
                "status is 200": {
                    "path": "::status is 200",
                    "id": "6210a8cd14cd70477eba5c5e4cb3fb5f",
                    "passes": 4889,
                    "fails": 0,
                    "name": "status is 200"
                }
            }
    },
    "metrics": {
        "http_req_sending": {
            "avg": 0.018433860707711126,
            "min": 0.0053,
            "med": 0.012123,
            "max": 0.825129,
            "p(90)": 0.027943,
            "p(95)": 0.04390219999999999
        },
        "checks": {
            "passes": 4889,
            "fails": 0,
            "value": 1
        },
        "data_received": {
            "count": 880780,
            "rate": 29310.452404215557
        },
        "http_req_blocked": {
            "med": 0.002735,
            "max": 2.554831,
            "p(90)": 0.004499,
            "p(95)": 0.004989,
            "avg": 0.013943121088157137,
            "min": 0.000992
        },
        "http_req_waiting": {
            "p(90)": 87.6319012,
            "p(95)": 97.0076686,
            "avg": 21.986560257107907,
            "min": 1.103047,
            "med": 4.199166,
            "max": 618.645167
        },
        "http_req_duration{expected_response:true}": {
            "p(90)": 88.0420772,
            "p(95)": 97.27263959999996,
            "avg": 22.313373051135184,
            "min": 1.207083,
            "med": 4.317791,
            "max": 619.109388
        },
        "http_reqs": {
            "count": 4889,
            "rate": 162.69534027136157
        },
        "vus": {
            "value": 20,
            "min": 20,
            "max": 20
        },
        "http_req_connecting": {
            "avg": 0.0038867281652689703,
            "min": 0,
            "med": 0,
            "max": 2.080031,
            "p(90)": 0,
            "p(95)": 0
        },
        "http_req_receiving": {
            "avg": 0.308378933319699,
            "min": 0.011973,
            "med": 0.101641,
            "max": 84.666567,
            "p(90)": 0.238393,
            "p(95)": 0.30258539999999945
        },
        "http_req_failed": {
            "passes": 0,
            "fails": 4889,
            "value": 0
        },
        "vus_max": {
            "max": 20,
            "value": 20,
            "min": 20
        },
        "iterations": {
            "count": 4889,
            "rate": 162.69534027136157
        },
        "http_req_duration": {
            "med": 4.317791,
            "max": 619.109388,
            "p(90)": 88.0420772,
            "p(95)": 97.27263959999996,
            "avg": 22.313373051135184,
            "min": 1.207083
        },
        "http_req_tls_handshaking": {
            "p(90)": 0,
            "p(95)": 0,
            "avg": 0,
            "min": 0,
            "med": 0,
            "max": 0
        },
        "data_sent": {
            "count": 1120069,
            "rate": 37273.47250611652
        },
        "iteration_duration": {
            "max": 722.838257,
            "p(90)": 188.5628264,
            "p(95)": 197.77529099999998,
            "avg": 122.8661503626512,
            "min": 101.400826,
            "med": 104.858958
        }
    }
}