{
    "metrics": {
        "data_received": {
            "count": 896172,
            "rate": 29751.239188127573
        },
        "http_req_blocked": {
            "avg": 0.345349946505805,
            "min": 0.030917,
            "med": 0.097377,
            "max": 53.866664,
            "p(90)": 0.42928940000000015,
            "p(95)": 0.9671973999999999
        },
        "http_req_sending": {
            "avg": 0.09188938811745978,
            "min": 0.005917,
            "med": 0.024376,
            "max": 23.854307,
            "p(90)": 0.07052560000000002,
            "p(95)": 0.14040219999999987
        },
        "http_req_connecting": {
            "p(90)": 0.273938,
            "p(95)": 0.6520679999999993,
            "avg": 0.2316092695196907,
            "min": 0.021625,
            "med": 0.061751,
            "max": 53.747163
        },
        "http_req_failed": {
            "passes": 0,
            "fails": 4393,
            "value": 0
        },
        "vus": {
            "min": 20,
            "max": 20,
            "value": 20
        },
        "checks": {
            "passes": 4393,
            "fails": 0,
            "value": 1
        },
        "iteration_duration": {
            "p(95)": 213.56594159999997,
            "avg": 136.80091500660146,
            "min": 104.068609,
            "med": 120.95802,
            "max": 468.605684,
            "p(90)": 183.14157340000003
        },
        "http_req_duration": {
            "p(95)": 111.34975679999997,
            "avg": 34.97945764944222,
            "min": 3.888474,
            "med": 19.378367,
            "max": 336.179665,
            "p(90)": 80.1162978
        },
        "http_req_duration{expected_response:true}": {
            "avg": 34.97945764944222,
            "min": 3.888474,
            "med": 19.378367,
            "max": 336.179665,
            "p(90)": 80.1162978,
            "p(95)": 111.34975679999997
        },
        "iterations": {
            "count": 4393,
            "rate": 145.83940778493908
        },
        "http_reqs": {
            "rate": 145.83940778493908,
            "count": 4393
        },
        "http_req_receiving": {
            "p(95)": 1.3660537999999987,
            "avg": 0.47313382267243287,
            "min": 0.030584,
            "med": 0.286212,
            "max": 14.168416,
            "p(90)": 1.1191081999999999
        },
        "vus_max": {
            "value": 20,
            "min": 20,
            "max": 20
        },
        "http_req_waiting": {
            "min": 3.703221,
            "med": 18.87561,
            "max": 334.348263,
            "p(90)": 79.46207980000001,
            "p(95)": 110.53978639999997,
            "avg": 34.4144344386523
        },
        "data_sent": {
            "count": 935926,
            "rate": 31070.997853523084
        },
        "http_req_tls_handshaking": {
            "med": 0,
            "max": 0,
            "p(90)": 0,
            "p(95)": 0,
            "avg": 0,
            "min": 0
        }
    },
    "root_group": {
        "path": "",
        "id": "d41d8cd98f00b204e9800998ecf8427e",
        "groups": {},
        "checks": {
                "status is 200": {
                    "name": "status is 200",
                    "path": "::status is 200",
                    "id": "6210a8cd14cd70477eba5c5e4cb3fb5f",
                    "passes": 4393,
                    "fails": 0
                }
            },
        "name": ""
    }
}