{
    "root_group": {
        "id": "d41d8cd98f00b204e9800998ecf8427e",
        "groups": {},
        "checks": {
                "status is 200": {
                    "id": "6210a8cd14cd70477eba5c5e4cb3fb5f",
                    "passes": 5504,
                    "fails": 0,
                    "name": "status is 200",
                    "path": "::status is 200"
                }
            },
        "name": "",
        "path": ""
    },
    "metrics": {
        "http_req_sending": {
            "avg": 0.09744365552325567,
            "min": 0.001917,
            "med": 0.0115415,
            "max": 50.101906,
            "p(90)": 0.10778080000000011,
            "p(95)": 0.2699334499999994
        },
        "http_req_waiting": {
            "avg": 7.411893806322694,
            "min": 0.298963,
            "med": 4.5613805,
            "max": 220.139007,
            "p(90)": 14.572056900000002,
            "p(95)": 19.224301750000002
        },
        "http_req_receiving": {
            "min": 0.003709,
            "med": 0.021,
            "max": 9.584225,
            "p(90)": 0.0996851,
            "p(95)": 0.18874039999999997,
            "avg": 0.061179513444767394
        },
        "http_req_failed": {
            "fails": 5504,
            "passes": 0,
            "value": 0
        },
        "http_req_duration": {
            "max": 220.545804,
            "p(90)": 14.827260700000002,
            "p(95)": 19.502576299999994,
            "avg": 7.570516975290718,
            "min": 0.326797,
            "med": 4.672361
        },
        "data_received": {
            "count": 1596160,
            "rate": 53017.47277900192
        },
        "vus_max": {
            "max": 20,
            "value": 20,
            "min": 20
        },
        "http_req_connecting": {
            "p(95)": 0,
            "avg": 0.0012960308866279068,
            "min": 0,
            "med": 0,
            "max": 2.585788,
            "p(90)": 0
        },
        "http_req_duration{expected_response:true}": {
            "max": 220.545804,
            "p(90)": 14.827260700000002,
            "p(95)": 19.502576299999994,
            "avg": 7.570516975290718,
            "min": 0.326797,
            "med": 4.672361
        },
        "http_reqs": {
            "count": 5504,
            "rate": 182.81887165173075
        },
        "http_req_tls_handshaking": {
            "med": 0,
            "max": 0,
            "p(90)": 0,
            "p(95)": 0,
            "avg": 0,
            "min": 0
        },
        "iterations": {
            "count": 5504,
            "rate": 182.81887165173075
        },
        "checks": {
            "passes": 5504,
            "fails": 0,
            "value": 1
        },
        "data_sent": {
            "count": 1178684,
            "rate": 39150.74108174938
        },
        "http_req_blocked": {
            "p(90)": 0.007320700000000005,
            "p(95)": 0.011875,
            "avg": 0.015107156976744078,
            "min": 0.000458,
            "med": 0.002375,
            "max": 3.360842
        },
        "iteration_duration": {
            "avg": 109.09076331540723,
            "min": 100.432524,
            "med": 105.65739400000001,
            "max": 322.338477,
            "p(90)": 116.7844033,
            "p(95)": 122.30828939999999
        },
        "vus": {
            "value": 20,
            "min": 20,
            "max": 20
        }
    }
}