{
    "root_group": {
        "checks": {
            "status is 200": {
                "fails": 0,
                "name": "status is 200",
                "path": "::status is 200",
                "id": "6210a8cd14cd70477eba5c5e4cb3fb5f",
                "passes": 5456
            }
        },
        "name": "",
        "path": "",
        "id": "d41d8cd98f00b204e9800998ecf8427e",
        "groups": {}
    },
    "metrics": {
        "vus": {
            "value": 20,
            "min": 20,
            "max": 20
        },
        "http_req_failed": {
            "passes": 0,
            "fails": 5456,
            "value": 0
        },
        "checks": {
            "fails": 0,
            "passes": 5456,
            "value": 1
        },
        "data_received": {
            "count": 1069376,
            "rate": 35581.43858962545
        },
        "http_req_connecting": {
            "min": 0,
            "med": 0,
            "max": 2.2787,
            "p(90)": 0,
            "p(95)": 0,
            "avg": 0.0027429921187683286
        },
        "http_req_tls_handshaking": {
            "avg": 0,
            "min": 0,
            "med": 0,
            "max": 0,
            "p(90)": 0,
            "p(95)": 0
        },
        "http_req_waiting": {
            "avg": 7.70106309072578,
            "min": 0.534133,
            "med": 3.5712194999999998,
            "max": 314.171787,
            "p(90)": 15.353038000000012,
            "p(95)": 27.705209749999977
        },
        "http_req_receiving": {
            "p(95)": 0.4739444999999996,
            "avg": 0.12886406140029313,
            "min": 0.004958,
            "med": 0.0365215,
            "max": 17.346546,
            "p(90)": 0.28248350000000005
        },
        "vus_max": {
            "value": 20,
            "min": 20,
            "max": 20
        },
        "http_reqs": {
            "rate": 181.53795198788498,
            "count": 5456
        },
        "http_req_duration": {
            "avg": 7.927068941348991,
            "min": 0.553258,
            "med": 3.6998670000000002,
            "max": 314.206454,
            "p(90)": 15.607833500000003,
            "p(95)": 27.913493249999995
        },
        "http_req_duration{expected_response:true}": {
            "avg": 7.927068941348991,
            "min": 0.553258,
            "med": 3.6998670000000002,
            "max": 314.206454,
            "p(90)": 15.607833500000003,
            "p(95)": 27.913493249999995
        },
        "http_req_sending": {
            "p(95)": 0.11742949999999999,
            "avg": 0.09714178922287399,
            "min": 0.002125,
            "med": 0.010833,
            "max": 233.326432,
            "p(90)": 0.05704250000000005
        },
        "iteration_duration": {
            "avg": 110.05282692100462,
            "min": 100.810272,
            "med": 104.7006425,
            "max": 417.683892,
            "p(90)": 119.69174,
            "p(95)": 136.31929775
        },
        "http_req_blocked": {
            "min": 0.000458,
            "med": 0.002083,
            "max": 3.577178,
            "p(90)": 0.006917,
            "p(95)": 0.01175,
            "avg": 0.015372588159823798
        },
        "data_sent": {
            "count": 1179298,
            "rate": 39238.88264358665
        },
        "iterations": {
            "count": 5456,
            "rate": 181.53795198788498
        }
    }
}