{
    "root_group": {
        "path": "",
        "id": "d41d8cd98f00b204e9800998ecf8427e",
        "groups": {},
        "checks": {
                "status is 200": {
                    "passes": 5613,
                    "fails": 0,
                    "name": "status is 200",
                    "path": "::status is 200",
                    "id": "6210a8cd14cd70477eba5c5e4cb3fb5f"
                }
            },
        "name": ""
    },
    "metrics": {
        "http_req_duration": {
            "avg": 6.419142309816501,
            "min": 1.462267,
            "med": 4.469378,
            "max": 98.907119,
            "p(90)": 10.764561400000002,
            "p(95)": 13.862952400000001
        },
        "http_req_blocked": {
            "p(90)": 0.004779800000000001,
            "p(95)": 0.005293999999999997,
            "avg": 0.009153869232139674,
            "min": 0.001062,
            "med": 0.003237,
            "max": 2.266599
        },
        "http_req_sending": {
            "med": 0.016782,
            "max": 0.567529,
            "p(90)": 0.0460732,
            "p(95)": 0.050396,
            "avg": 0.02311435025832882,
            "min": 0.006042
        },
        "http_req_duration{expected_response:true}": {
            "avg": 6.419142309816501,
            "min": 1.462267,
            "med": 4.469378,
            "max": 98.907119,
            "p(90)": 10.764561400000002,
            "p(95)": 13.862952400000001
        },
        "http_req_waiting": {
            "p(90)": 10.581683600000002,
            "p(95)": 13.67784679999999,
            "avg": 6.261142011580247,
            "min": 1.407824,
            "med": 4.330219,
            "max": 98.63967
        },
        "checks": {
            "passes": 5613,
            "fails": 0,
            "value": 1
        },
        "http_req_receiving": {
            "p(95)": 0.3045415999999999,
            "avg": 0.13488594797790837,
            "min": 0.011893,
            "med": 0.07848,
            "max": 48.899977,
            "p(90)": 0.2091662
        },
        "iteration_duration": {
            "min": 101.650865,
            "med": 105.122717,
            "max": 200.899683,
            "p(90)": 111.5033298,
            "p(95)": 114.51751879999999,
            "avg": 107.08226758204141
        },
        "iterations": {
            "count": 5613,
            "rate": 186.48932363355618
        },
        "http_req_connecting": {
            "avg": 0.001880228042045252,
            "min": 0,
            "med": 0,
            "max": 1.052757,
            "p(90)": 0,
            "p(95)": 0
        },
        "vus": {
            "value": 20,
            "min": 20,
            "max": 20
        },
        "http_req_failed": {
            "passes": 0,
            "fails": 5613,
            "value": 0
        },
        "data_sent": {
            "count": 1213295,
            "rate": 40311.16406876458
        },
        "http_reqs": {
            "count": 5613,
            "rate": 186.48932363355618
        },
        "data_received": {
            "count": 1100148,
            "rate": 36551.90743217702
        },
        "vus_max": {
            "value": 20,
            "min": 20,
            "max": 20
        },
        "http_req_tls_handshaking": {
            "med": 0,
            "max": 0,
            "p(90)": 0,
            "p(95)": 0,
            "avg": 0,
            "min": 0
        }
    }
}