{
    "metrics": {
        "iterations": {
            "count": 5644,
            "rate": 187.7788442933718
        },
        "http_req_tls_handshaking": {
            "med": 0,
            "max": 0,
            "p(90)": 0,
            "p(95)": 0,
            "avg": 0,
            "min": 0
        },
        "http_req_blocked": {
            "p(95)": 0.010666849999999999,
            "avg": 0.04293044596031189,
            "min": 0.000333,
            "med": 0.002167,
            "max": 50.852883,
            "p(90)": 0.006667
        },
        "http_req_waiting": {
            "avg": 4.181344649362147,
            "min": 0.066542,
            "med": 1.247185,
            "max": 590.131394,
            "p(90)": 4.9689741000000005,
            "p(95)": 8.074957549999993
        },
        "vus": {
            "value": 20,
            "min": 20,
            "max": 20
        },
        "data_sent": {
            "count": 1197434,
            "rate": 39839.25808603639
        },
        "iteration_duration": {
            "avg": 106.36554724681041,
            "min": 100.160951,
            "med": 102.580714,
            "max": 718.301974,
            "p(90)": 108.6991328,
            "p(95)": 114.96510995
        },
        "http_req_sending": {
            "avg": 0.14359330811481247,
            "min": 0.001625,
            "med": 0.009208,
            "max": 31.267799,
            "p(90)": 0.09470190000000002,
            "p(95)": 0.33684254999999974
        },
        "vus_max": {
            "max": 20,
            "value": 20,
            "min": 20
        },
        "http_req_failed": {
            "fails": 5644,
            "passes": 0,
            "value": 0
        },
        "checks": {
            "passes": 5644,
            "fails": 0,
            "value": 1
        },
        "data_received": {
            "count": 925616,
            "rate": 30795.730464112978
        },
        "http_req_connecting": {
            "p(90)": 0,
            "p(95)": 0,
            "avg": 0.011507517363571933,
            "min": 0,
            "med": 0,
            "max": 6.879144
        },
        "http_req_duration": {
            "avg": 4.41107507512401,
            "min": 0.076168,
            "med": 1.3631039999999999,
            "max": 599.080319,
            "p(90)": 5.3417462,
            "p(95)": 8.609674449999995
        },
        "http_req_receiving": {
            "p(90)": 0.09437240000000004,
            "p(95)": 0.20629504999999979,
            "avg": 0.08613711764705914,
            "min": 0.003084,
            "med": 0.015542,
            "max": 50.193581
        },
        "http_req_duration{expected_response:true}": {
            "avg": 4.41107507512401,
            "min": 0.076168,
            "med": 1.3631039999999999,
            "max": 599.080319,
            "p(90)": 5.3417462,
            "p(95)": 8.609674449999995
        },
        "http_reqs": {
            "count": 5644,
            "rate": 187.7788442933718
        }
    },
    "root_group": {
        "path": "",
        "id": "d41d8cd98f00b204e9800998ecf8427e",
        "groups": {},
        "checks": {
                "status is 200": {
                    "name": "status is 200",
                    "path": "::status is 200",
                    "id": "6210a8cd14cd70477eba5c5e4cb3fb5f",
                    "passes": 5644,
                    "fails": 0
                }
            },
        "name": ""
    }
}