{
    "root_group": {
        "name": "",
        "path": "",
        "id": "d41d8cd98f00b204e9800998ecf8427e",
        "groups": {},
        "checks": {
                "status is 200": {
                    "name": "status is 200",
                    "path": "::status is 200",
                    "id": "6210a8cd14cd70477eba5c5e4cb3fb5f",
                    "passes": 4032,
                    "fails": 0
                }
            }
    },
    "metrics": {
        "iteration_duration": {
            "max": 502.473738,
            "p(90)": 197.30471310000001,
            "p(95)": 215.50522695,
            "avg": 149.39295045114142,
            "min": 102.479016,
            "med": 126.32037
        },
        "http_req_blocked": {
            "p(95)": 0.008,
            "avg": 0.016918144345237897,
            "min": 0.000541,
            "med": 0.002083,
            "max": 7.002729,
            "p(90)": 0.0053339
        },
        "http_req_sending": {
            "p(90)": 0.027787800000000005,
            "p(95)": 0.04843644999999999,
            "avg": 0.042190389632936434,
            "min": 0.002084,
            "med": 0.010437499999999999,
            "max": 26.591603
        },
        "http_req_waiting": {
            "avg": 48.211492498263844,
            "min": 2.066405,
            "med": 25.121497499999997,
            "max": 401.26453,
            "p(90)": 96.092938,
            "p(95)": 114.21647374999998
        },
        "checks": {
            "passes": 4032,
            "fails": 0,
            "value": 1
        },
        "iterations": {
            "count": 4032,
            "rate": 133.6358954431305
        },
        "http_reqs": {
            "count": 4032,
            "rate": 133.6358954431305
        },
        "http_req_receiving": {
            "avg": 0.23162291617063427,
            "min": 0.004875,
            "med": 0.042729500000000004,
            "max": 55.120528,
            "p(90)": 0.3923726,
            "p(95)": 0.9457058499999982
        },
        "http_req_connecting": {
            "p(90)": 0,
            "p(95)": 0,
            "avg": 0.001776843253968254,
            "min": 0,
            "med": 0,
            "max": 0.944389
        },
        "http_req_duration": {
            "avg": 48.485305804067494,
            "min": 2.083114,
            "med": 25.4211485,
            "max": 401.288156,
            "p(90)": 96.3724483,
            "p(95)": 114.39546504999997
        },
        "http_req_duration{expected_response:true}": {
            "avg": 48.485305804067494,
            "min": 2.083114,
            "med": 25.4211485,
            "max": 401.288156,
            "p(90)": 96.3724483,
            "p(95)": 114.39546504999997
        },
        "data_received": {
            "count": 657216,
            "rate": 21782.65095723027
        },
        "vus_max": {
            "value": 20,
            "min": 20,
            "max": 20
        },
        "http_req_failed": {
            "passes": 0,
            "fails": 4032,
            "value": 0
        },
        "data_sent": {
            "count": 862866,
            "rate": 28598.67821364887
        },
        "vus": {
            "value": 20,
            "min": 20,
            "max": 20
        },
        "http_req_tls_handshaking": {
            "avg": 0,
            "min": 0,
            "med": 0,
            "max": 0,
            "p(90)": 0,
            "p(95)": 0
        }
    }
}